{
  "project_info": {
    "project_number": "846531077329",
    "project_id": "newresume-f7d58",
    "storage_bucket": "newresume-f7d58.appspot.com"
  },
  "client": [
    {
      "client_info": {
        "mobilesdk_app_id": "1:846531077329:android:9cb00086fff725c5bc91f0",
        "android_client_info": {
          "package_name": "com.example.resume_builder"
        }
      },
      "oauth_client": [],
      "api_key": [
        {
          "current_key": "AIzaSyAHlqH9qs9K4rkp9VyI419NOTj1Wf-1LVQ"
        }
      ],
      "services": {
        "appinvite_service": {
          "other_platform_oauth_client": []
        }
      }
    }
  ],
  "configuration_version": "1"
}